First Name,Last Name,Email,Username,Registration Date,Contact Number,Address
Jessi,Winstone,jwinstone0@seattletimes.com,jwinstone0,2021-09-08,7700900171,"31 Grange Road, Canterbury, CT9, 2ND"
Gottfried,Dallon,gdallon1@soundcloud.com,gdallon1,2021-10-18,7700900543,"31 Park Lane, Canterbury, CT130NF"
Sally,Gentzsch,sgentzsch2@opera.com,sgentzsch2,2021-09-03,7700900516,"80 North Street, Canterbury, CT149DL"
Lucio,Spiaggia,lspiaggia3@tiny.cc,lspiaggia3,2021-09-20,7700900243,"29 Mill Lane, Canterbury, CT130NU"
Lombard,Challener,lchallener4@marketwatch.com,lchallener4,2021-08-26,7700900449,"44 Richmond Road, Canterbury, CT6, 5HH"
Ardyce,Hesey,ahesey5@sina.com.cn,ahesey5,2021-09-18,7700900017,"30 Queens Road, Canterbury, CT119JW"
Catha,Engall,cengall6@unblog.fr,cengall6,2021-08-26,7700900418,"50 Alexander Road, Canterbury, CT1 7RN"
Flori,O' Molan,fomolan7@engadget.com,fomolan7,2021-10-21,1632960854,"37 Station Road, Canterbury, CT1 5LD"
Freddie,Huetson,fhuetson8@purevolume.com,fhuetson8,2021-10-09,7700900263,"30 Church Lane, Canterbury, CT1 6AL"
Dermot,Truss,dtruss9@live.com,dtruss9,2021-09-24,7700900125,"30 The Avenue, Canterbury, CT2 8HN"
Francoise,Rishbrook,frishbrooka@cdc.gov,frishbrooka,2021-10-03,7700900787,"62 Stanley Road, Canterbury, CT5 1LH"
Giuditta,Cubbin,gcubbinb@cafepress.com,gcubbinb,2021-10-19,1632960731,"15 High Street, Canterbury, CT1 0PT"
Rodie,Lukins,rlukinsc@reuters.com,rlukinsc,2021-09-20,7700900879,"43 Manchester Road, Canterbury, CT2 8HF"
Harman,Berriball,hberriballd@cyberchimps.com,hberriballd,2021-08-25,7700900535,"41 Main Street, Canterbury, CT5 1FT"
Halsy,Cubbino,hcubbinoe@wisc.edu,hcubbinoe,2021-08-22,7700900571,"3 Chester Road, Canterbury, CT5 2BA"
Lazaro,Bougourd,lbougourdf@behance.net,lbougourdf,2021-08-24,7700900008,"64 Park Avenue, Canterbury, CT6 8TJ"
Tulley,Fearn,tfearng@php.net,tfearng,2021-09-27,7700900034,"80 Park Road, Canterbury, CT2 6BJ"
Stanfield,Gethen,sgethenh@utexas.edu,sgethenh,2021-10-11,7700900312,"2 New Street, Canterbury, CT1 6DR"
Betta,Storre,bstorrei@webmd.com,bstorrei,2021-09-28,7700900446,"8 Kingsway, Canterbury, CT1 9SD"
Adrian,Cockson,acocksonj@cbslocal.com,acocksonj,2021-08-25,7700900922,"57 Highfield Road, Canterbury, CT1 9XR"
Trixi,Ioselev,tioselevk@alexa.com,tioselevk,2021-09-09,7700900416,"52 The Crescent, Canterbury, CT9 9TA"
Hesther,Wimpey,hwimpeyl@woothemes.com,hwimpeyl,2021-08-25,1632960694,"55 George Street, Canterbury, CT2 1EH"
Dannel,Hollington,dhollingtonm@ihg.com,dhollingtonm,2021-10-14,7700900519,"2 Station Road, Canterbury, CT3 2HS"
Brendon,Adamsson,badamssonn@squarespace.com,badamssonn,2021-10-20,7700900702,"80 Mill Road, Canterbury, CT1 0RW"
Evanne,Scholig,escholigo@ezinearticles.com,escholigo,2021-08-21,1632960826,"39 School Lane, Canterbury, CT1 0EN"
Byrom,Tassell,btassellp@studiopress.com,btassellp,2021-10-26,7700900050,"43 Windsor Road, Canterbury, CT8 8HT"
Felike,Malt,fmaltq@thetimes.co.uk,fmaltq,2021-09-20,7700900203,"20 Church Lane, Canterbury, CT1 7EA"
Jenny,Major,jmajorr@usda.gov,jmajorr,2021-09-19,7700900347,"29 West Street, Canterbury, CT1 6DF"
Zebedee,Seyler,zseylers@who.int,zseylers,2021-09-19,7700900172,"2 Sweetlove Place, Wingham, CT3 1BJ"
Jacinthe,Oxshott,joxshottt@nhs.uk,joxshottt,2021-10-14,7700900827,"1 Old Tree, Road, Hoath, CT3 4LH"
Sheryl,Neve,sneveu@technorati.com,sneveu,2021-08-25,7700900952,"131 Bridge Street, Wye, Ashford, TN25 5DP"
Corrie,Michin,cmichinv@google.it,cmichinv,2021-10-12,7700900283,"4 Beatrice Hills Close, Kennington, Ashford, TN24 9PQ"
Elbert,Tyhurst,etyhurstw@smh.com.au,etyhurstw,2021-09-02,7700900692,"17 Frank Edinger Close, Kennington, TN24 9RB"
Susannah,Mallindine,smallindinex@aol.com,smallindinex,2021-08-28,7700900013,"10 Intelligence Walk, Ashford, TN23 3FE"
Tabbi,Malinowski,tmalinowskiy@clickbank.net,tmalinowskiy,2021-10-18,7700900923,"8 Blossom Lane, Ashford, TN25 4GE"
Phelia,Faustin,pfaustinz@altervista.org,pfaustinz,2021-10-19,7700900817,"1 Thornlea, Ashford, TN23 3JX"
Raul,Hillock,rhillock10@acquirethisname.com,rhillock10,2021-10-06,1632960616,"52 Springwood Drive, Ashford, TN23 3LQ"
Nannie,Loader,nloader11@va.gov,nloader11,2021-10-09,7700900910,"67 Church Road, Canterbury, CT1 9AP"
Cornelle,Pouton,cpouton12@harvard.edu,cpouton12,2021-09-12,7700900580,"24 Springfield Road, Canterbury, CT1 9DU"
Ikey,Bowry,ibowry13@slideshare.net,ibowry13,2021-10-14,7700900604,"51 Manor Road, Canterbury, CT2 4LF"
Brook,Dunan,bdunan14@indiatimes.com,bdunan14,2021-10-31,1632960546,"66 School Lane, Canterbury, CT1 9TH"
Yalonda,Haswall,yhaswall15@squarespace.com,yhaswall15,2021-10-09,7700900544,"16 South Street, Canterbury, CT1 1NU"
Celina,Dulton,cdulton16@friendfeed.com,cdulton16,2021-09-18,7700900341,"52 London Road, Canterbury, CT1 1TZ"
Valencia,Hadrill,vhadrill17@biglobe.ne.jp,vhadrill17,2021-08-27,7700900408,"21 The Green, Canterbury, CT1 1GF"
Ashla,Godding,agodding18@jugem.jp,agodding18,2021-10-12,7700900217,"105 High Street, Wingham, CT3 1DE"
Rikki,Tidmarsh,rtidmarsh19@nationalgeographic.com,rtidmarsh19,2021-10-09,7700900113,"78 The Crescent, Canterbury, CT1 7JE"
Bobbie,Edlyn,bedlyn1a@discovery.com,bedlyn1a,2021-09-08,7700900351,"8 York Road, Canterbury, CT2 6DP"
Luci,Cometson,lcometson1b@ucla.edu,lcometson1b,2021-10-07,1632960779,"44 St. John’s, Road, Canterbury, CT3 1TL"
Elana,Flipek,eflipek1c@engadget.com,eflipek1c,2021-09-05,7700900170,"17 Kingsway, Canterbury, CT2 7QR"
Leola,Spall,lspall6v@aol.com,lspall6v,2021-08-22,7700900693,"25 West Street, Canterbury, CT1 6JR"
